Name,Age,RollNo,Marks
Alice,20,101,88.500000
Bob,21,102,92.000000
Charlie,19,103,79.300003
